Words,	Synonyms
Awareness, brilliance
Comply, observe
Abrogate, annual
Disconcert, rattle
Flourish, proliferate
Moderate, decrease
Despicable, servile
Forsake, renounce
Vain, unproductive
Pardon, forgive
Agreement, harmony
Harshness, bitterness
Stubborn, inflexible
Follower, disciple
Joined, Added
Counsel, reprove
Misfortune, calamity
Foreigner, outsider
Pacify, soothe
Abate, relieve
Entice, fascinate
Climb Escalate,
Augment, deepen
Incriminate, indict
Boldness, Courage
Accurate, credible
Rude, blundering
Adage, truism
Astound, Faze
Alluring, charming
Grim, Austere
Breakable, crisp
Commotion, Tumult
Frustrate, perplex
Florid, gilt
Desolate, Sterile
Barricade, Obstacle
Vulgar, Coarse
Insane, silly
Erotic, Coarse
Becloud, Dim
Benign, Generous
Favorable, friendly
Predicament,
Austere, Blank
Dull, Insensitive
Clamorous, rowdy
Adventurous,
Active, Engaged
Canny, Devious
adversity, misfortune
obdurate, unfeeling
defamation, aspersion
competent, able
Charm, fascinate
imprisonment, confinement
terminate, desist
virtuous, pure
punish, admonish
kindness, sympathy
include, contain
yield, permit
approve, agree
agree, permit
effect, outcome
solidify, strengthen
prominent, obvious
scorn, disregard
deny, oppose
dissimilar, conflicting
Harmonious, unruffled
Insensitive, indurated
Cloak, disguise
Blunt, bluff
Beguile, bewitch
Earthly, fleshly
Generic, liberal
Acclaimed, lionized
Plaster, mortar
Rebuke, reprimand
Competitive, Inexpensive
Covert, fruitive
Simple, Typical
Bawdy, Boorish
Clown, Jester
Bunched, thick
Abbreviate, Shrink
Egotism, Immodesty
Agreement, accord
Castigate, Chide
Bold, Undaunted
Centralize, Fortify
Generosity, Reverence
Formation, foundation
Acute, Smart
Collapse, decompose
deception, artifice
interpret, reveal
contaminate, pollute
spend, pay
cautious, intentional
Ruin, devastate
despoil, divest
mock, taunt
detest, despise
Remonstrate, Counsel
Blame, boycott
Opaque, piled
Sarcastic, critical
Depression, misery
Catastrophic, pernicious
Pliable, pliant
Diminutive, Petite
Keen, acquisitive
Diminution, Dimming
strange, abnormal
delight, exultation
destroy, obliterate
expression, fluency
hindrance, obstacle
undertake, aspire
colossal, mammoth
precise, example
uncertain, hazy
destroy, exterminate
construct, produce
delusion, mistake
stumble, demur
narrow-minded, biased
weak, frail
cruel, fierce
strife, quarrel
deflect, vacillate
desert, renounce
weak, infirm
violent, agitated
petty, worthless
economy, providence
Converge, huddle
obscurity, darkness
stuff, satiate
magnificent, dazzling
courteous, beneficent
disgusting, atrocious
hatred, aversion
cunning, deceit
Altruism, bounty
Absolute, Factual
Bleak, cloudy
Dignity, renown
retard, prevent
unfortunate, ill-fated
irritate, molest
arrogant, pompous
Peril, danger
non-conformist, secularist
frightful, shocking
Cripple Debilitate,
Conformity, Amicability
Abrupt, Impetuous
Adoration, Reverence
Meek, Timid
Resignation, Fawning
Deception, Pharisaism
Uncontrite, Obdurate
Flaky, Impetuous
Equitable, Haughty
Destitute, Impoverished
Damned, Accursed
Tedious, Prosaic
Enchanting, Riveting
unsullied, spotless
huge, enormous
submerge, involve
impending, brewing
prerogative, privilege
diminish, deteriorate
just, unbiased
hurdle, obstruction
irreligious, unholy
attribute, ascribe
disposition, affection
inefficient, unskilled
inappropriate, absurd
unavoidable, ascertained
violate, encroach
undisguised, naive
allude, hint
tasteless, vapid
indigent, destitute
inculcate, inject
tangled, complicated
scheme, conspiracy
genuine, fundamental
accusation, censure
unconquerable, impregnable
irresistible, unconfined
Exquisite, Impeccable
tired, exhausted
dull, boring
frolicsome, cheerful
rejoicing, triumphant
thoughtful, prudent
honest, impartial
defend, exculpate
young, tender
sharp, poignant
relation, species
dishonest, scoundrel
death knell, last blow
complicated difficult,
abundant, excessive
slack, careless
compassionate, merciful
accountable, bound
magnanimous, generous
loiter, prolong
sound, rational
delusion, insanity
attract, entice
palatable, delicious
profuse, abundant
Sluggish, apathetic
Vengefulness, grudge
Imperative, requisite
Gallant, strapping
Stature, Asset
marvelous, extraordinary
alleviate, relieve
humble, courteous
harass, tease
appease, assuage
notable, eventful
irksome, tedious
Nasty, Macabre
liberal, hospitable
dusky, dreary
recalcitrant, insurgent
joint, identical
miser, covetous
prompt, brisk
indifferent, negligent
tyro, beginner
baneful, injurious
cancel, annual
Conceit, Apprehension
profuse, various
impede, prevent
Complaisant, Willing
Arcane, Vague
Stubborn, Adamant
Access, Inherit
Evident, apparent
Malevolent, obnoxious
Abhorrent, obnoxious
latent, ambiguous
descendant, sibling
Menacing, Foreboding
obscure, shady
Idealist,
cryptic, vague
Order, impose
decorative, adorned
eruption, insurrection
offence, maltreatment
Appease, Chasten
Cajole, Impress
Flustered, anxious
Inseminate, fecundate
Pace, Betterment
Precise, Punctual
Vigilance, Discretion
Flatter, indulge
foremost, eminent
matchless, unrivalled
perverse, sullen
flippancy, impudence
petulant, obstinate
tranquil, calm
haughty, arrogant
doubtful, insecure
plight, dilemma
Impostor, deceiver
Queer, strange
seclude, screen
subdue, reduce
equivocate, prevaricate
Incursion, Foray
Quickness, Velocity
Acumen, Bounds
Restless, attacking
Amend, Remedy
Cautious, Averse
Detain, Confine
consent, approve
Destroy, ruin
Recover, liberate
Residue, piece
Censure, protest
Regret, penitence
Annul, abrogate
Displeasure, wrath
Recant, withdraw
Respect, esteem
Vanquish, overthrow
Rural, uncivilized
Remorseless, inhumane
Cherish, Divine
Wild, untamed
Frightened, Shocked
Course, lofty
Immigrant, guest
Magnificent, eminent
Concise, Terse
Tenderness, harmony
Scheme, Entity
Ironical, derisive
Impudent, insolent
Cunning, craftly
scarce, insufficient
Slavish, Docile
miserable, impoverished
defame, malign
mock, scorn
entreat, implore
Deceit, Stratagem
blemish, tarnish
Fake, Counterfeit
intermittent, scattered
Nimble, Brisk
dirty, filthy
Propitious, Felicitous
Barren, Impotent
lethargy, unconsciousness
consequent, following
Considerable, solid
Demolish, sabotage
Partial, shallow
Parasite, flatterer
Prohibit, ban
Reserved, silent
Wearisome. Irksome,
Cool, moderate
Apartment, Digs
Stubborn, Dodge
Assembly, crowd
Diffident, coward
Peaceful, composed
Temporal, transitory
Assertive, forceful
Dishonest, duplicitous
Trifling, insignificant
Violent, riotous
Beginner, riotous
Compliant, Subdued
Incisive, Compact
Chunky, massive
Frugal, prudent
Amicable, Calm
Diaphanous,
Vibrate,
Awkward, ungraceful
Completely, entirely
Chagrin, offense
Boorish, Clownish
Foundling, Orphan
Incite, Implore
Arrogant, egoistic
Wander, roaming
Bravery, prowess
Conceit, pretension
Esteemed, honored
Poison, malevolence
Ingenious, experienced
Corrupt, obnoxious
Cautious, alert
Spirited, Energetic
Malign, Slur
Confirm, consent
Ethic, morality
Eloquent, lucid
Relinquish, remove
Pale, faded
Decline, Dwindle
cautious, circumspect
marry, combine
vicious, immoral
Exert, employ
Trickery, Artifice
Beautiful, Comely
wither, perish
shout, shriek
surrender abdicate,
languish, crave
connect, harness
eagerness, fervor
summit, apex
delight, enthusiasm
-zag oblique, wayward
